-- Metaltec Missing Tables Export

-- Table: vehicles
INSERT INTO vehicles (id, organization_id, name, plate, type, fuel_type, tank_capacity, notes, is_active) VALUES (E'9c8cb4c7-4bfb-4282-92f3-4087a4311ae3', E'b578579d-c664-4382-8504-bd7740dbfd9b', E'Fiat Doblò', NULL, NULL, E'diesel', NULL, NULL, true);
INSERT INTO vehicles (id, organization_id, name, plate, type, fuel_type, tank_capacity, notes, is_active) VALUES (E'f404b7cf-b8a5-4f86-bd2e-d42f5eef9a84', E'b578579d-c664-4382-8504-bd7740dbfd9b', E'Iveco Eurocargo', NULL, NULL, E'diesel', NULL, NULL, true);
INSERT INTO vehicles (id, organization_id, name, plate, type, fuel_type, tank_capacity, notes, is_active) VALUES (E'545b0d16-f125-470c-881e-17b0a71615e1', E'b578579d-c664-4382-8504-bd7740dbfd9b', E' Range Rover Evoque', NULL, NULL, E'diesel', NULL, NULL, true);
INSERT INTO vehicles (id, organization_id, name, plate, type, fuel_type, tank_capacity, notes, is_active) VALUES (E'3ff88ab3-2d8d-4df8-bf91-4e1f137d4de9', E'b578579d-c664-4382-8504-bd7740dbfd9b', E'Alfa Romeo Stelvio', NULL, NULL, E'diesel', NULL, NULL, true);
INSERT INTO vehicles (id, organization_id, name, plate, type, fuel_type, tank_capacity, notes, is_active) VALUES (E'c3110c6d-1e1f-473c-92e6-02c655ae006d', E'b578579d-c664-4382-8504-bd7740dbfd9b', E'Fiat Ducato', NULL, NULL, E'diesel', NULL, NULL, true);
INSERT INTO vehicles (id, organization_id, name, plate, type, fuel_type, tank_capacity, notes, is_active) VALUES (E'38d25404-9602-4f2d-b1f9-4557b3876e36', E'b578579d-c664-4382-8504-bd7740dbfd9b', E'Iveco Stralis', NULL, NULL, E'diesel', NULL, NULL, true);
INSERT INTO vehicles (id, organization_id, name, plate, type, fuel_type, tank_capacity, notes, is_active) VALUES (E'0011861b-9b2d-4d9c-8925-a6291e621322', E'b578579d-c664-4382-8504-bd7740dbfd9b', E'Muletto OM30', NULL, NULL, E'diesel', NULL, NULL, true);
INSERT INTO vehicles (id, organization_id, name, plate, type, fuel_type, tank_capacity, notes, is_active) VALUES (E'bebac748-a885-4c7f-abb0-f0211e69d176', E'b578579d-c664-4382-8504-bd7740dbfd9b', E'Piattaforma Haulotte ', NULL, NULL, E'diesel', NULL, NULL, true);
INSERT INTO vehicles (id, organization_id, name, plate, type, fuel_type, tank_capacity, notes, is_active) VALUES (E'b4dc0f35-9758-48e6-a6ee-12c13634d753', E'b578579d-c664-4382-8504-bd7740dbfd9b', E'Piattaforma SkySjack', NULL, NULL, E'diesel', NULL, NULL, true);
INSERT INTO vehicles (id, organization_id, name, plate, type, fuel_type, tank_capacity, notes, is_active) VALUES (E'a559fc01-e285-44a6-a64a-2f8dea32cae3', E'b578579d-c664-4382-8504-bd7740dbfd9b', E'Fiat qubo', NULL, NULL, E'diesel', NULL, NULL, true);

-- Table: fuel_tank_loads
INSERT INTO fuel_tank_loads (id, organization_id, load_date, quantity, price_per_liter, total_cost, notes, created_at) VALUES (E'33477cd4-79fd-4da2-bc9d-3f4859eefe70', E'b578579d-c664-4382-8504-bd7740dbfd9b', '2025-11-21 14:13:00.000', NULL, NULL, NULL, NULL, '2025-11-21 13:14:02.362');

-- Table: fuel_refills
INSERT INTO fuel_refills (id, organization_id, vehicle_id, user_id, refill_date, quantity, odometer, is_full_tank, from_company_tank, price_per_liter, total_cost, notes, created_at) VALUES (E'3470ca10-07d5-4f83-a2f5-4c4d35509964', E'b578579d-c664-4382-8504-bd7740dbfd9b', E'38d25404-9602-4f2d-b1f9-4557b3876e36', NULL, '2025-11-24 19:43:00.000', NULL, NULL, NULL, NULL, NULL, NULL, NULL, '2025-11-24 18:43:28.967');
INSERT INTO fuel_refills (id, organization_id, vehicle_id, user_id, refill_date, quantity, odometer, is_full_tank, from_company_tank, price_per_liter, total_cost, notes, created_at) VALUES (E'bc40e2dc-0c0e-4781-8cbb-b7008e96ca72', E'b578579d-c664-4382-8504-bd7740dbfd9b', E'b4dc0f35-9758-48e6-a6ee-12c13634d753', NULL, '2025-11-26 09:35:00.000', NULL, NULL, NULL, NULL, NULL, NULL, E'Cantiere Alberto di Pietro ', '2025-11-26 07:36:21.091');
INSERT INTO fuel_refills (id, organization_id, vehicle_id, user_id, refill_date, quantity, odometer, is_full_tank, from_company_tank, price_per_liter, total_cost, notes, created_at) VALUES (E'64b25dd8-b6e5-475d-9783-eed022850824', E'b578579d-c664-4382-8504-bd7740dbfd9b', E'3ff88ab3-2d8d-4df8-bf91-4e1f137d4de9', NULL, '2025-11-27 13:07:00.000', NULL, NULL, NULL, NULL, NULL, NULL, NULL, '2025-11-27 12:07:35.414');
INSERT INTO fuel_refills (id, organization_id, vehicle_id, user_id, refill_date, quantity, odometer, is_full_tank, from_company_tank, price_per_liter, total_cost, notes, created_at) VALUES (E'cb58eb66-1695-4a9e-b44c-cd8aeb7ff822', E'b578579d-c664-4382-8504-bd7740dbfd9b', E'9c8cb4c7-4bfb-4282-92f3-4087a4311ae3', NULL, '2025-11-27 17:12:00.000', NULL, NULL, NULL, NULL, NULL, NULL, NULL, '2025-11-27 16:13:05.523');
INSERT INTO fuel_refills (id, organization_id, vehicle_id, user_id, refill_date, quantity, odometer, is_full_tank, from_company_tank, price_per_liter, total_cost, notes, created_at) VALUES (E'bf5e4632-7f1b-469d-b3a5-9e6c3185f8e5', E'b578579d-c664-4382-8504-bd7740dbfd9b', E'545b0d16-f125-470c-881e-17b0a71615e1', NULL, '2025-12-02 09:00:00.000', NULL, NULL, NULL, NULL, NULL, NULL, NULL, '2025-12-02 08:00:47.609');
INSERT INTO fuel_refills (id, organization_id, vehicle_id, user_id, refill_date, quantity, odometer, is_full_tank, from_company_tank, price_per_liter, total_cost, notes, created_at) VALUES (E'83a61776-8ddb-4f70-9360-7271d166d842', E'b578579d-c664-4382-8504-bd7740dbfd9b', E'c3110c6d-1e1f-473c-92e6-02c655ae006d', NULL, '2025-12-02 16:12:00.000', NULL, NULL, NULL, NULL, NULL, NULL, NULL, '2025-12-02 15:12:31.903');
INSERT INTO fuel_refills (id, organization_id, vehicle_id, user_id, refill_date, quantity, odometer, is_full_tank, from_company_tank, price_per_liter, total_cost, notes, created_at) VALUES (E'8fdde5f9-1a3b-4a9f-8236-2880cbfe3350', E'b578579d-c664-4382-8504-bd7740dbfd9b', E'a559fc01-e285-44a6-a64a-2f8dea32cae3', NULL, '2025-12-04 08:13:00.000', NULL, NULL, NULL, NULL, NULL, NULL, NULL, '2025-12-04 07:14:01.869');
INSERT INTO fuel_refills (id, organization_id, vehicle_id, user_id, refill_date, quantity, odometer, is_full_tank, from_company_tank, price_per_liter, total_cost, notes, created_at) VALUES (E'628ee132-65f9-40e4-afbe-a1e0936945b5', E'b578579d-c664-4382-8504-bd7740dbfd9b', E'3ff88ab3-2d8d-4df8-bf91-4e1f137d4de9', NULL, '2025-12-05 16:53:00.000', NULL, NULL, NULL, NULL, NULL, NULL, NULL, '2025-12-05 15:54:22.701');
INSERT INTO fuel_refills (id, organization_id, vehicle_id, user_id, refill_date, quantity, odometer, is_full_tank, from_company_tank, price_per_liter, total_cost, notes, created_at) VALUES (E'7da71273-adb4-4404-8915-1824d8b6982c', E'b578579d-c664-4382-8504-bd7740dbfd9b', E'f404b7cf-b8a5-4f86-bd2e-d42f5eef9a84', NULL, '2025-12-11 14:43:00.000', NULL, NULL, NULL, NULL, NULL, NULL, NULL, '2025-12-11 13:44:29.402');
INSERT INTO fuel_refills (id, organization_id, vehicle_id, user_id, refill_date, quantity, odometer, is_full_tank, from_company_tank, price_per_liter, total_cost, notes, created_at) VALUES (E'ca76ba4e-e3ee-4544-9b8b-2bfd464cd526', E'b578579d-c664-4382-8504-bd7740dbfd9b', E'9c8cb4c7-4bfb-4282-92f3-4087a4311ae3', NULL, '2025-12-12 10:01:00.000', NULL, NULL, NULL, NULL, NULL, NULL, NULL, '2025-12-12 09:02:45.678');
INSERT INTO fuel_refills (id, organization_id, vehicle_id, user_id, refill_date, quantity, odometer, is_full_tank, from_company_tank, price_per_liter, total_cost, notes, created_at) VALUES (E'5fdaa8d7-2723-4143-97c1-83801cbdd5f1', E'b578579d-c664-4382-8504-bd7740dbfd9b', E'545b0d16-f125-470c-881e-17b0a71615e1', NULL, '2025-12-12 12:24:00.000', NULL, NULL, NULL, NULL, NULL, NULL, NULL, '2025-12-12 11:25:28.071');

-- Table: attendance_entries
INSERT INTO attendance_entries (id, organization_id, user_id, date, absence_type, notes, created_at) VALUES (E'0b58874c-e69f-4505-ab5e-3b66267946a9', E'b578579d-c664-4382-8504-bd7740dbfd9b', E'94052e97-cc2a-473f-8f7a-a3ce2429e0f1', E'2025-10-13', E'L104', NULL, '2025-10-21 06:39:01.148');
INSERT INTO attendance_entries (id, organization_id, user_id, date, absence_type, notes, created_at) VALUES (E'ec6f81e2-81c5-42fa-845e-474973a18645', E'b578579d-c664-4382-8504-bd7740dbfd9b', E'925f152f-4441-42c1-bef9-3a732df546dd', E'2025-10-28', E'F', NULL, '2025-10-30 13:28:12.970');
INSERT INTO attendance_entries (id, organization_id, user_id, date, absence_type, notes, created_at) VALUES (E'fb00cbc5-5251-4abb-ac47-ddd20258707b', E'b578579d-c664-4382-8504-bd7740dbfd9b', E'94052e97-cc2a-473f-8f7a-a3ce2429e0f1', E'2025-10-20', E'L104', NULL, '2025-10-30 13:28:49.077');
INSERT INTO attendance_entries (id, organization_id, user_id, date, absence_type, notes, created_at) VALUES (E'f47b4163-228f-4f8d-8c0e-cbef0dbab53b', E'b578579d-c664-4382-8504-bd7740dbfd9b', E'ddc9f140-9e0f-4843-bd65-f26afb6c252d', E'2025-10-20', E'CP', NULL, '2025-10-30 13:29:05.683');
INSERT INTO attendance_entries (id, organization_id, user_id, date, absence_type, notes, created_at) VALUES (E'35901564-e4d2-4245-8da7-717a032c8095', E'b578579d-c664-4382-8504-bd7740dbfd9b', E'94052e97-cc2a-473f-8f7a-a3ce2429e0f1', E'2025-11-05', E'L104', NULL, '2025-11-04 16:07:22.968');
INSERT INTO attendance_entries (id, organization_id, user_id, date, absence_type, notes, created_at) VALUES (E'14fd274a-5e06-408a-b890-2cfb223d2c3c', E'b578579d-c664-4382-8504-bd7740dbfd9b', E'afd14f3c-f5fa-4a8b-94a7-be34ddc0dc84', E'2025-11-04', E'P', NULL, '2025-11-04 16:07:45.113');
INSERT INTO attendance_entries (id, organization_id, user_id, date, absence_type, notes, created_at) VALUES (E'e01bc855-1b00-4319-aab3-12ee62a2ecb6', E'b578579d-c664-4382-8504-bd7740dbfd9b', E'afd14f3c-f5fa-4a8b-94a7-be34ddc0dc84', E'2025-11-03', E'P', NULL, '2025-11-04 16:07:56.786');
INSERT INTO attendance_entries (id, organization_id, user_id, date, absence_type, notes, created_at) VALUES (E'0946cbfc-30e4-4ccb-b90c-567ace18e893', E'b578579d-c664-4382-8504-bd7740dbfd9b', E'ddc9f140-9e0f-4843-bd65-f26afb6c252d', E'2025-11-17', E'CP', NULL, '2025-11-12 12:42:50.476');
INSERT INTO attendance_entries (id, organization_id, user_id, date, absence_type, notes, created_at) VALUES (E'cc225085-a40e-448b-bc36-1cd96c5a4e9e', E'b578579d-c664-4382-8504-bd7740dbfd9b', E'cf51a175-162d-4f72-9642-87ad967dfc89', E'2025-11-05', E'A', NULL, '2025-11-16 13:28:18.204');
INSERT INTO attendance_entries (id, organization_id, user_id, date, absence_type, notes, created_at) VALUES (E'cfc7189e-224f-4654-9295-0c068cf23d28', E'b578579d-c664-4382-8504-bd7740dbfd9b', E'f1729aee-45bf-466d-891d-5d32f98d0dfe', E'2025-11-14', E'A', NULL, '2025-11-16 13:28:28.178');
INSERT INTO attendance_entries (id, organization_id, user_id, date, absence_type, notes, created_at) VALUES (E'b7ac2ebc-3be6-4b1e-a468-6f80ad0eabf3', E'b578579d-c664-4382-8504-bd7740dbfd9b', E'423cedbc-ada3-44c4-95a8-80a96b461884', E'2025-11-18', E'A', NULL, '2025-11-18 11:28:38.702');
INSERT INTO attendance_entries (id, organization_id, user_id, date, absence_type, notes, created_at) VALUES (E'5910bd14-e36d-4362-acbb-840fa4928d0b', E'b578579d-c664-4382-8504-bd7740dbfd9b', E'afd14f3c-f5fa-4a8b-94a7-be34ddc0dc84', E'2025-11-20', E'A', E'', '2025-11-20 06:27:56.900');
INSERT INTO attendance_entries (id, organization_id, user_id, date, absence_type, notes, created_at) VALUES (E'79b97733-2a59-4c91-a837-0ab4109e167c', E'b578579d-c664-4382-8504-bd7740dbfd9b', E'5bd6eaa7-86ce-4504-8322-d81ea340487a', E'2025-11-21', E'A', E'', '2025-11-21 06:52:26.520');
INSERT INTO attendance_entries (id, organization_id, user_id, date, absence_type, notes, created_at) VALUES (E'97cd4140-ceb8-4e6c-97b9-b9b0ba3071e8', E'b578579d-c664-4382-8504-bd7740dbfd9b', E'cf51a175-162d-4f72-9642-87ad967dfc89', E'2025-11-20', E'A', NULL, '2025-11-21 13:40:35.275');
INSERT INTO attendance_entries (id, organization_id, user_id, date, absence_type, notes, created_at) VALUES (E'3bd4e570-4372-46dc-9b45-f2254d8d71c6', E'b578579d-c664-4382-8504-bd7740dbfd9b', E'ddc9f140-9e0f-4843-bd65-f26afb6c252d', E'2025-11-24', E'CP', NULL, '2025-11-24 12:51:09.963');
INSERT INTO attendance_entries (id, organization_id, user_id, date, absence_type, notes, created_at) VALUES (E'68127e15-94e0-40e6-8d5b-d6ff001b41b0', E'b578579d-c664-4382-8504-bd7740dbfd9b', E'ddc9f140-9e0f-4843-bd65-f26afb6c252d', E'2025-11-25', E'CP', NULL, '2025-11-24 12:51:28.503');
INSERT INTO attendance_entries (id, organization_id, user_id, date, absence_type, notes, created_at) VALUES (E'026afa3e-bafb-44ec-b13f-065c676b781b', E'b578579d-c664-4382-8504-bd7740dbfd9b', E'ddc9f140-9e0f-4843-bd65-f26afb6c252d', E'2025-11-26', E'CP', NULL, '2025-11-24 12:51:32.583');
INSERT INTO attendance_entries (id, organization_id, user_id, date, absence_type, notes, created_at) VALUES (E'b829bd33-1af4-4d39-8c86-d70feb7a3b7d', E'b578579d-c664-4382-8504-bd7740dbfd9b', E'ddc9f140-9e0f-4843-bd65-f26afb6c252d', E'2025-11-27', E'CP', NULL, '2025-11-24 12:51:36.691');
INSERT INTO attendance_entries (id, organization_id, user_id, date, absence_type, notes, created_at) VALUES (E'358e81df-e9c8-4cbd-8828-d4230d83f777', E'b578579d-c664-4382-8504-bd7740dbfd9b', E'ddc9f140-9e0f-4843-bd65-f26afb6c252d', E'2025-11-28', E'CP', NULL, '2025-11-24 12:51:40.180');
INSERT INTO attendance_entries (id, organization_id, user_id, date, absence_type, notes, created_at) VALUES (E'eb851b25-2b7a-4a64-b95a-a672ce17e13a', E'b578579d-c664-4382-8504-bd7740dbfd9b', E'5bd6eaa7-86ce-4504-8322-d81ea340487a', E'2025-11-24', E'A', NULL, '2025-11-24 14:03:11.574');
INSERT INTO attendance_entries (id, organization_id, user_id, date, absence_type, notes, created_at) VALUES (E'f89b4b9c-b4cd-4692-a7ea-66b66d76a5fb', E'b578579d-c664-4382-8504-bd7740dbfd9b', E'5bd6eaa7-86ce-4504-8322-d81ea340487a', E'2025-11-25', E'A', NULL, '2025-11-24 14:03:14.129');
INSERT INTO attendance_entries (id, organization_id, user_id, date, absence_type, notes, created_at) VALUES (E'ebd137df-d149-4cf6-a7ad-fdf0a8424b03', E'b578579d-c664-4382-8504-bd7740dbfd9b', E'5bd6eaa7-86ce-4504-8322-d81ea340487a', E'2025-11-26', E'A', NULL, '2025-11-24 14:03:16.382');
INSERT INTO attendance_entries (id, organization_id, user_id, date, absence_type, notes, created_at) VALUES (E'f744f178-ca7a-4c2b-8c1c-9957fe40c03f', E'b578579d-c664-4382-8504-bd7740dbfd9b', E'5bd6eaa7-86ce-4504-8322-d81ea340487a', E'2025-11-27', E'A', NULL, '2025-11-24 14:03:18.612');
INSERT INTO attendance_entries (id, organization_id, user_id, date, absence_type, notes, created_at) VALUES (E'fa622d75-f6a9-48e7-ba75-e350638766e9', E'b578579d-c664-4382-8504-bd7740dbfd9b', E'5bd6eaa7-86ce-4504-8322-d81ea340487a', E'2025-11-28', E'A', NULL, '2025-11-24 14:03:20.723');
INSERT INTO attendance_entries (id, organization_id, user_id, date, absence_type, notes, created_at) VALUES (E'60d626bd-04a9-4ae6-9157-6d78f1cb8846', E'b578579d-c664-4382-8504-bd7740dbfd9b', E'5323deb6-b68a-41fc-84a6-a3998d93fd80', E'2025-11-25', E'F', NULL, '2025-11-25 07:07:06.821');
INSERT INTO attendance_entries (id, organization_id, user_id, date, absence_type, notes, created_at) VALUES (E'1e9bd93f-ef35-4072-9222-f5e8f5fc406d', E'b578579d-c664-4382-8504-bd7740dbfd9b', E'94052e97-cc2a-473f-8f7a-a3ce2429e0f1', E'2025-11-26', E'L104', NULL, '2025-11-26 12:56:37.532');
INSERT INTO attendance_entries (id, organization_id, user_id, date, absence_type, notes, created_at) VALUES (E'3692b72f-232d-4165-a799-ae4987b9fafb', E'b578579d-c664-4382-8504-bd7740dbfd9b', E'cf51a175-162d-4f72-9642-87ad967dfc89', E'2025-12-01', E'P', NULL, '2025-12-02 07:24:59.682');
INSERT INTO attendance_entries (id, organization_id, user_id, date, absence_type, notes, created_at) VALUES (E'd7c34dde-3ba5-406a-acc8-8bab0933d3cf', E'b578579d-c664-4382-8504-bd7740dbfd9b', E'ddc9f140-9e0f-4843-bd65-f26afb6c252d', E'2025-12-01', E'CP', NULL, '2025-12-02 07:25:12.692');
INSERT INTO attendance_entries (id, organization_id, user_id, date, absence_type, notes, created_at) VALUES (E'34002360-1d2d-4c64-a1e2-5a7ddd67fa89', E'b578579d-c664-4382-8504-bd7740dbfd9b', E'ddc9f140-9e0f-4843-bd65-f26afb6c252d', E'2025-12-02', E'CP', NULL, '2025-12-02 07:25:17.269');
INSERT INTO attendance_entries (id, organization_id, user_id, date, absence_type, notes, created_at) VALUES (E'edda7b8d-5f1b-444e-8d8a-ab721093ae76', E'b578579d-c664-4382-8504-bd7740dbfd9b', E'ddc9f140-9e0f-4843-bd65-f26afb6c252d', E'2025-12-03', E'CP', NULL, '2025-12-02 07:25:19.394');
INSERT INTO attendance_entries (id, organization_id, user_id, date, absence_type, notes, created_at) VALUES (E'4f6263d7-78b6-4bc6-8b21-637fc71a385a', E'b578579d-c664-4382-8504-bd7740dbfd9b', E'ddc9f140-9e0f-4843-bd65-f26afb6c252d', E'2025-12-04', E'CP', NULL, '2025-12-02 07:25:21.559');
INSERT INTO attendance_entries (id, organization_id, user_id, date, absence_type, notes, created_at) VALUES (E'702a02a4-2ecb-4091-978c-91ead6f75b21', E'b578579d-c664-4382-8504-bd7740dbfd9b', E'ddc9f140-9e0f-4843-bd65-f26afb6c252d', E'2025-12-05', E'CP', NULL, '2025-12-02 07:25:23.449');
INSERT INTO attendance_entries (id, organization_id, user_id, date, absence_type, notes, created_at) VALUES (E'0d982187-4274-4d53-99f3-8179f468b03d', E'b578579d-c664-4382-8504-bd7740dbfd9b', E'c29ff218-600f-4cab-a602-28dba100fa04', E'2025-12-03', E'A', E'', '2025-12-02 17:42:11.300');
INSERT INTO attendance_entries (id, organization_id, user_id, date, absence_type, notes, created_at) VALUES (E'be64a9a2-92dc-45a9-942d-f5a63e38964e', E'b578579d-c664-4382-8504-bd7740dbfd9b', E'c29ff218-600f-4cab-a602-28dba100fa04', E'2025-12-09', E'F', NULL, '2025-12-08 18:45:07.828');
INSERT INTO attendance_entries (id, organization_id, user_id, date, absence_type, notes, created_at) VALUES (E'89ce38be-aa22-42a7-9ac7-d754de035794', E'b578579d-c664-4382-8504-bd7740dbfd9b', E'c29ff218-600f-4cab-a602-28dba100fa04', E'2025-12-10', E'F', NULL, '2025-12-08 18:45:12.005');
INSERT INTO attendance_entries (id, organization_id, user_id, date, absence_type, notes, created_at) VALUES (E'b8d4e67a-db11-45ff-b61f-f7d63f36a536', E'b578579d-c664-4382-8504-bd7740dbfd9b', E'c29ff218-600f-4cab-a602-28dba100fa04', E'2025-12-11', E'F', NULL, '2025-12-08 18:45:15.631');
INSERT INTO attendance_entries (id, organization_id, user_id, date, absence_type, notes, created_at) VALUES (E'26940687-ff7b-4b01-8ce7-0952a4c0ade2', E'b578579d-c664-4382-8504-bd7740dbfd9b', E'c29ff218-600f-4cab-a602-28dba100fa04', E'2025-12-12', E'F', NULL, '2025-12-08 18:45:20.190');
INSERT INTO attendance_entries (id, organization_id, user_id, date, absence_type, notes, created_at) VALUES (E'ec812e8a-0f22-4867-a9cb-dd31b7e89a29', E'b578579d-c664-4382-8504-bd7740dbfd9b', E'423cedbc-ada3-44c4-95a8-80a96b461884', E'2025-12-09', E'A', E'', '2025-12-09 06:25:34.267');
INSERT INTO attendance_entries (id, organization_id, user_id, date, absence_type, notes, created_at) VALUES (E'11fbc736-ed2b-4278-b4d6-88f257fee58f', E'b578579d-c664-4382-8504-bd7740dbfd9b', E'ddc9f140-9e0f-4843-bd65-f26afb6c252d', E'2025-12-10', E'A', E'', '2025-12-09 16:19:57.680');
INSERT INTO attendance_entries (id, organization_id, user_id, date, absence_type, notes, created_at) VALUES (E'dc469906-2631-4cda-a45f-1968a956065b', E'b578579d-c664-4382-8504-bd7740dbfd9b', E'199c4a0a-8f4c-4d0b-a0f6-4efbefc15b78', E'2025-12-11', E'A', E'', '2025-12-11 14:24:44.946');
INSERT INTO attendance_entries (id, organization_id, user_id, date, absence_type, notes, created_at) VALUES (E'4b72e12e-0202-43df-b781-77f3a3c84f37', E'b578579d-c664-4382-8504-bd7740dbfd9b', E'925f152f-4441-42c1-bef9-3a732df546dd', E'2025-12-12', E'F', NULL, '2025-12-11 15:52:13.925');
INSERT INTO attendance_entries (id, organization_id, user_id, date, absence_type, notes, created_at) VALUES (E'757090d4-dc24-4215-b6b6-509b4da66ebb', E'b578579d-c664-4382-8504-bd7740dbfd9b', E'925f152f-4441-42c1-bef9-3a732df546dd', E'2025-12-15', E'F', NULL, '2025-12-11 15:52:16.215');
INSERT INTO attendance_entries (id, organization_id, user_id, date, absence_type, notes, created_at) VALUES (E'a0d629c0-55af-4eb6-94a8-5bf825806741', E'b578579d-c664-4382-8504-bd7740dbfd9b', E'925f152f-4441-42c1-bef9-3a732df546dd', E'2025-12-16', E'F', NULL, '2025-12-11 15:52:18.446');
INSERT INTO attendance_entries (id, organization_id, user_id, date, absence_type, notes, created_at) VALUES (E'b8d13f60-8380-45ca-a378-93fa2618f3cc', E'b578579d-c664-4382-8504-bd7740dbfd9b', E'925f152f-4441-42c1-bef9-3a732df546dd', E'2025-12-17', E'F', NULL, '2025-12-11 15:52:20.568');
INSERT INTO attendance_entries (id, organization_id, user_id, date, absence_type, notes, created_at) VALUES (E'bef89497-f20e-4885-80f8-d115e67a036c', E'b578579d-c664-4382-8504-bd7740dbfd9b', E'925f152f-4441-42c1-bef9-3a732df546dd', E'2025-12-18', E'F', NULL, '2025-12-11 15:52:22.604');
INSERT INTO attendance_entries (id, organization_id, user_id, date, absence_type, notes, created_at) VALUES (E'3fe35e9f-c06d-4065-9bdb-b37413600251', E'b578579d-c664-4382-8504-bd7740dbfd9b', E'925f152f-4441-42c1-bef9-3a732df546dd', E'2025-12-19', E'F', NULL, '2025-12-11 15:52:24.567');
INSERT INTO attendance_entries (id, organization_id, user_id, date, absence_type, notes, created_at) VALUES (E'f43cd66a-9c27-4a45-aed5-c0f82895881e', E'b578579d-c664-4382-8504-bd7740dbfd9b', E'925f152f-4441-42c1-bef9-3a732df546dd', E'2025-12-22', E'F', NULL, '2025-12-11 15:52:28.172');
INSERT INTO attendance_entries (id, organization_id, user_id, date, absence_type, notes, created_at) VALUES (E'2cd2edf6-d0fa-4de6-9483-bc2efcf0abf7', E'b578579d-c664-4382-8504-bd7740dbfd9b', E'925f152f-4441-42c1-bef9-3a732df546dd', E'2025-12-23', E'F', NULL, '2025-12-11 15:52:30.118');
INSERT INTO attendance_entries (id, organization_id, user_id, date, absence_type, notes, created_at) VALUES (E'627e6ccf-3e77-4d7f-ada1-262983a307d8', E'b578579d-c664-4382-8504-bd7740dbfd9b', E'925f152f-4441-42c1-bef9-3a732df546dd', E'2025-12-24', E'F', NULL, '2025-12-11 15:52:31.973');
INSERT INTO attendance_entries (id, organization_id, user_id, date, absence_type, notes, created_at) VALUES (E'4e74aeb3-5836-47f1-8676-8fd3dd73dcbc', E'b578579d-c664-4382-8504-bd7740dbfd9b', E'925f152f-4441-42c1-bef9-3a732df546dd', E'2025-12-27', E'F', NULL, '2025-12-11 15:52:34.250');
INSERT INTO attendance_entries (id, organization_id, user_id, date, absence_type, notes, created_at) VALUES (E'16ded184-10d2-47c9-9e93-e8311ea89b9d', E'b578579d-c664-4382-8504-bd7740dbfd9b', E'925f152f-4441-42c1-bef9-3a732df546dd', E'2025-12-29', E'F', NULL, '2025-12-11 15:52:46.797');
INSERT INTO attendance_entries (id, organization_id, user_id, date, absence_type, notes, created_at) VALUES (E'afcff2bf-ea10-402e-b4f5-11e710da12d8', E'b578579d-c664-4382-8504-bd7740dbfd9b', E'925f152f-4441-42c1-bef9-3a732df546dd', E'2025-12-30', E'F', NULL, '2025-12-11 15:52:48.912');
INSERT INTO attendance_entries (id, organization_id, user_id, date, absence_type, notes, created_at) VALUES (E'a40e2608-b831-45b1-ab30-31acbccc3688', E'b578579d-c664-4382-8504-bd7740dbfd9b', E'925f152f-4441-42c1-bef9-3a732df546dd', E'2025-12-31', E'F', NULL, '2025-12-11 15:52:51.164');
INSERT INTO attendance_entries (id, organization_id, user_id, date, absence_type, notes, created_at) VALUES (E'ec056be4-79c9-4911-ab78-c2a843081225', E'b578579d-c664-4382-8504-bd7740dbfd9b', E'cf51a175-162d-4f72-9642-87ad967dfc89', E'2025-12-29', E'F', NULL, '2025-12-11 15:53:06.039');
INSERT INTO attendance_entries (id, organization_id, user_id, date, absence_type, notes, created_at) VALUES (E'ab89062b-5b51-4b93-84d9-af60213523ff', E'b578579d-c664-4382-8504-bd7740dbfd9b', E'cf51a175-162d-4f72-9642-87ad967dfc89', E'2025-12-30', E'F', NULL, '2025-12-11 15:53:08.622');
INSERT INTO attendance_entries (id, organization_id, user_id, date, absence_type, notes, created_at) VALUES (E'f6ab16dd-a64e-46ba-8a64-3396821584c5', E'b578579d-c664-4382-8504-bd7740dbfd9b', E'cf51a175-162d-4f72-9642-87ad967dfc89', E'2025-12-31', E'F', NULL, '2025-12-11 15:53:10.559');
INSERT INTO attendance_entries (id, organization_id, user_id, date, absence_type, notes, created_at) VALUES (E'56873a60-9ff5-4df8-8433-8c23d26060f0', E'b578579d-c664-4382-8504-bd7740dbfd9b', E'f1729aee-45bf-466d-891d-5d32f98d0dfe', E'2025-12-29', E'F', NULL, '2025-12-11 15:53:13.885');
INSERT INTO attendance_entries (id, organization_id, user_id, date, absence_type, notes, created_at) VALUES (E'db37d143-4fd5-4544-8122-5f619d854916', E'b578579d-c664-4382-8504-bd7740dbfd9b', E'f1729aee-45bf-466d-891d-5d32f98d0dfe', E'2025-12-30', E'F', NULL, '2025-12-11 15:53:16.566');
INSERT INTO attendance_entries (id, organization_id, user_id, date, absence_type, notes, created_at) VALUES (E'59966657-e9db-4fdb-b7bd-c17eb2715f5b', E'b578579d-c664-4382-8504-bd7740dbfd9b', E'f1729aee-45bf-466d-891d-5d32f98d0dfe', E'2025-12-31', E'F', NULL, '2025-12-11 15:53:18.634');
INSERT INTO attendance_entries (id, organization_id, user_id, date, absence_type, notes, created_at) VALUES (E'd49dfd78-a7bc-4f66-b676-eabf379f3e6a', E'b578579d-c664-4382-8504-bd7740dbfd9b', E'5323deb6-b68a-41fc-84a6-a3998d93fd80', E'2025-12-29', E'F', NULL, '2025-12-11 15:53:20.993');
INSERT INTO attendance_entries (id, organization_id, user_id, date, absence_type, notes, created_at) VALUES (E'b362a5f6-529a-4ddc-86af-078eea801d78', E'b578579d-c664-4382-8504-bd7740dbfd9b', E'5323deb6-b68a-41fc-84a6-a3998d93fd80', E'2025-12-30', E'F', NULL, '2025-12-11 15:53:23.102');
INSERT INTO attendance_entries (id, organization_id, user_id, date, absence_type, notes, created_at) VALUES (E'de9ad64f-b56d-4621-ac28-a9cc235db5be', E'b578579d-c664-4382-8504-bd7740dbfd9b', E'5323deb6-b68a-41fc-84a6-a3998d93fd80', E'2025-12-31', E'F', NULL, '2025-12-11 15:53:25.240');
INSERT INTO attendance_entries (id, organization_id, user_id, date, absence_type, notes, created_at) VALUES (E'9aeca011-4f7e-44a4-83fb-c2d96dac96c5', E'b578579d-c664-4382-8504-bd7740dbfd9b', E'199c4a0a-8f4c-4d0b-a0f6-4efbefc15b78', E'2025-12-29', E'F', NULL, '2025-12-11 15:53:27.421');
INSERT INTO attendance_entries (id, organization_id, user_id, date, absence_type, notes, created_at) VALUES (E'4458cc65-7d99-4293-9f96-19578ee6b86d', E'b578579d-c664-4382-8504-bd7740dbfd9b', E'199c4a0a-8f4c-4d0b-a0f6-4efbefc15b78', E'2025-12-30', E'F', NULL, '2025-12-11 15:53:29.215');
INSERT INTO attendance_entries (id, organization_id, user_id, date, absence_type, notes, created_at) VALUES (E'9804aaf8-da24-4f37-8dc1-393e3af0aeeb', E'b578579d-c664-4382-8504-bd7740dbfd9b', E'199c4a0a-8f4c-4d0b-a0f6-4efbefc15b78', E'2025-12-31', E'F', NULL, '2025-12-11 15:53:31.006');
INSERT INTO attendance_entries (id, organization_id, user_id, date, absence_type, notes, created_at) VALUES (E'034093a5-3acf-4d17-b536-fd67fbf74f55', E'b578579d-c664-4382-8504-bd7740dbfd9b', E'7231ddd7-5d45-4716-b4a8-f5fc1c549310', E'2025-12-29', E'F', NULL, '2025-12-11 15:53:32.980');
INSERT INTO attendance_entries (id, organization_id, user_id, date, absence_type, notes, created_at) VALUES (E'6c7ec6a4-195e-472c-bae0-bba66bd67d9e', E'b578579d-c664-4382-8504-bd7740dbfd9b', E'7231ddd7-5d45-4716-b4a8-f5fc1c549310', E'2025-12-30', E'F', NULL, '2025-12-11 15:53:34.787');
INSERT INTO attendance_entries (id, organization_id, user_id, date, absence_type, notes, created_at) VALUES (E'a9292d1e-0509-4205-8e18-337fa6ea7f09', E'b578579d-c664-4382-8504-bd7740dbfd9b', E'7231ddd7-5d45-4716-b4a8-f5fc1c549310', E'2025-12-31', E'F', NULL, '2025-12-11 15:53:36.561');
INSERT INTO attendance_entries (id, organization_id, user_id, date, absence_type, notes, created_at) VALUES (E'3c78ad7e-8da9-4c8e-ae6f-0e9497795561', E'b578579d-c664-4382-8504-bd7740dbfd9b', E'c29ff218-600f-4cab-a602-28dba100fa04', E'2025-12-29', E'F', NULL, '2025-12-11 15:53:39.147');
INSERT INTO attendance_entries (id, organization_id, user_id, date, absence_type, notes, created_at) VALUES (E'8f848649-e34b-4e26-9791-e5ddf597614b', E'b578579d-c664-4382-8504-bd7740dbfd9b', E'c29ff218-600f-4cab-a602-28dba100fa04', E'2025-12-30', E'F', NULL, '2025-12-11 15:53:42.235');
INSERT INTO attendance_entries (id, organization_id, user_id, date, absence_type, notes, created_at) VALUES (E'9f93a2c7-9234-4cb8-ac9d-a553b3fd645e', E'b578579d-c664-4382-8504-bd7740dbfd9b', E'c29ff218-600f-4cab-a602-28dba100fa04', E'2025-12-31', E'F', NULL, '2025-12-11 15:53:44.212');
INSERT INTO attendance_entries (id, organization_id, user_id, date, absence_type, notes, created_at) VALUES (E'6344debc-b6c4-4ac3-97e4-946159d7890c', E'b578579d-c664-4382-8504-bd7740dbfd9b', E'423cedbc-ada3-44c4-95a8-80a96b461884', E'2025-12-29', E'F', NULL, '2025-12-11 15:53:45.797');
INSERT INTO attendance_entries (id, organization_id, user_id, date, absence_type, notes, created_at) VALUES (E'e3cb5ace-5135-455f-895a-51d411698701', E'b578579d-c664-4382-8504-bd7740dbfd9b', E'423cedbc-ada3-44c4-95a8-80a96b461884', E'2025-12-30', E'F', NULL, '2025-12-11 15:53:47.772');
INSERT INTO attendance_entries (id, organization_id, user_id, date, absence_type, notes, created_at) VALUES (E'87d19168-1bd0-4902-a277-76d99f3276bc', E'b578579d-c664-4382-8504-bd7740dbfd9b', E'423cedbc-ada3-44c4-95a8-80a96b461884', E'2025-12-31', E'F', NULL, '2025-12-11 15:53:49.578');
INSERT INTO attendance_entries (id, organization_id, user_id, date, absence_type, notes, created_at) VALUES (E'7dcdab66-d825-4723-9055-9b787e625a7c', E'b578579d-c664-4382-8504-bd7740dbfd9b', E'afd14f3c-f5fa-4a8b-94a7-be34ddc0dc84', E'2025-12-29', E'F', NULL, '2025-12-11 15:53:51.889');
INSERT INTO attendance_entries (id, organization_id, user_id, date, absence_type, notes, created_at) VALUES (E'b2d37593-9c69-4a90-8033-f4135cfbcedb', E'b578579d-c664-4382-8504-bd7740dbfd9b', E'afd14f3c-f5fa-4a8b-94a7-be34ddc0dc84', E'2025-12-30', E'F', NULL, '2025-12-11 15:53:54.219');
INSERT INTO attendance_entries (id, organization_id, user_id, date, absence_type, notes, created_at) VALUES (E'bc7ddeb9-11db-4545-80a0-2fece7a3e824', E'b578579d-c664-4382-8504-bd7740dbfd9b', E'afd14f3c-f5fa-4a8b-94a7-be34ddc0dc84', E'2025-12-31', E'F', NULL, '2025-12-11 15:53:56.136');
INSERT INTO attendance_entries (id, organization_id, user_id, date, absence_type, notes, created_at) VALUES (E'57b48a10-21da-4ce2-ab2d-90a21686d149', E'b578579d-c664-4382-8504-bd7740dbfd9b', E'ddc9f140-9e0f-4843-bd65-f26afb6c252d', E'2025-12-29', E'F', NULL, '2025-12-11 15:53:58.049');
INSERT INTO attendance_entries (id, organization_id, user_id, date, absence_type, notes, created_at) VALUES (E'f265d9bc-05c9-4d65-9fea-4838e0bd4707', E'b578579d-c664-4382-8504-bd7740dbfd9b', E'ddc9f140-9e0f-4843-bd65-f26afb6c252d', E'2025-12-30', E'F', NULL, '2025-12-11 15:53:59.919');
INSERT INTO attendance_entries (id, organization_id, user_id, date, absence_type, notes, created_at) VALUES (E'44fffa7f-d59b-44a6-a672-64f002dc875b', E'b578579d-c664-4382-8504-bd7740dbfd9b', E'ddc9f140-9e0f-4843-bd65-f26afb6c252d', E'2025-12-31', E'F', NULL, '2025-12-11 15:54:01.803');
INSERT INTO attendance_entries (id, organization_id, user_id, date, absence_type, notes, created_at) VALUES (E'40c57e72-389d-4c86-b7d3-c74e79d01543', E'b578579d-c664-4382-8504-bd7740dbfd9b', E'e7e2236b-809b-4fe2-8a3b-bf050d4fae07', E'2025-12-29', E'F', NULL, '2025-12-11 15:54:05.578');
INSERT INTO attendance_entries (id, organization_id, user_id, date, absence_type, notes, created_at) VALUES (E'026241d3-b00a-440f-9757-2a1a523c42b7', E'b578579d-c664-4382-8504-bd7740dbfd9b', E'e7e2236b-809b-4fe2-8a3b-bf050d4fae07', E'2025-12-30', E'F', NULL, '2025-12-11 15:54:07.694');
INSERT INTO attendance_entries (id, organization_id, user_id, date, absence_type, notes, created_at) VALUES (E'387899c5-119d-46bf-a6c6-ff350700acb2', E'b578579d-c664-4382-8504-bd7740dbfd9b', E'e7e2236b-809b-4fe2-8a3b-bf050d4fae07', E'2025-12-31', E'F', NULL, '2025-12-11 15:54:10.566');
INSERT INTO attendance_entries (id, organization_id, user_id, date, absence_type, notes, created_at) VALUES (E'8e092de3-9e9b-4561-b461-552f9af255d2', E'b578579d-c664-4382-8504-bd7740dbfd9b', E'94052e97-cc2a-473f-8f7a-a3ce2429e0f1', E'2025-12-29', E'F', NULL, '2025-12-11 15:54:12.904');
INSERT INTO attendance_entries (id, organization_id, user_id, date, absence_type, notes, created_at) VALUES (E'0c8f4b34-58ca-4938-976f-6e1b043975d4', E'b578579d-c664-4382-8504-bd7740dbfd9b', E'94052e97-cc2a-473f-8f7a-a3ce2429e0f1', E'2025-12-30', E'F', NULL, '2025-12-11 15:54:14.915');
INSERT INTO attendance_entries (id, organization_id, user_id, date, absence_type, notes, created_at) VALUES (E'5bcc83b3-9d70-41f2-aedc-61970b786299', E'b578579d-c664-4382-8504-bd7740dbfd9b', E'94052e97-cc2a-473f-8f7a-a3ce2429e0f1', E'2025-12-31', E'F', NULL, '2025-12-11 15:54:16.977');
INSERT INTO attendance_entries (id, organization_id, user_id, date, absence_type, notes, created_at) VALUES (E'0b4f9236-4002-4fb2-b50b-785e813f934a', E'b578579d-c664-4382-8504-bd7740dbfd9b', E'4adbba9c-964f-47d0-8863-159f49ffd796', E'2025-12-29', E'F', NULL, '2025-12-11 15:54:19.081');
INSERT INTO attendance_entries (id, organization_id, user_id, date, absence_type, notes, created_at) VALUES (E'c46f8bc2-96c9-4c26-8f29-74d938e4fc70', E'b578579d-c664-4382-8504-bd7740dbfd9b', E'4adbba9c-964f-47d0-8863-159f49ffd796', E'2025-12-30', E'F', NULL, '2025-12-11 15:54:20.982');
INSERT INTO attendance_entries (id, organization_id, user_id, date, absence_type, notes, created_at) VALUES (E'3d965eed-d41d-41ae-b43a-d3108655c359', E'b578579d-c664-4382-8504-bd7740dbfd9b', E'4adbba9c-964f-47d0-8863-159f49ffd796', E'2025-12-31', E'F', NULL, '2025-12-11 15:54:25.934');
INSERT INTO attendance_entries (id, organization_id, user_id, date, absence_type, notes, created_at) VALUES (E'187f7688-0da4-4341-be46-a5a6f7753aca', E'b578579d-c664-4382-8504-bd7740dbfd9b', E'ddc9f140-9e0f-4843-bd65-f26afb6c252d', E'2025-12-15', E'CP', NULL, '2025-12-11 16:00:06.130');
INSERT INTO attendance_entries (id, organization_id, user_id, date, absence_type, notes, created_at) VALUES (E'0b8815ad-96cd-4994-9daf-5ca257640382', E'b578579d-c664-4382-8504-bd7740dbfd9b', E'afd14f3c-f5fa-4a8b-94a7-be34ddc0dc84', E'2025-12-12', E'A', E'', '2025-12-12 07:09:57.786');
INSERT INTO attendance_entries (id, organization_id, user_id, date, absence_type, notes, created_at) VALUES (E'abb20c09-afb3-4d3e-b0ba-ff575c8a4a80', E'b578579d-c664-4382-8504-bd7740dbfd9b', E'199c4a0a-8f4c-4d0b-a0f6-4efbefc15b78', E'2025-12-12', E'A', NULL, '2025-12-13 10:05:02.380');
INSERT INTO attendance_entries (id, organization_id, user_id, date, absence_type, notes, created_at) VALUES (E'1596e429-4547-454f-9ebe-b83408e5ddeb', E'b578579d-c664-4382-8504-bd7740dbfd9b', E'c29ff218-600f-4cab-a602-28dba100fa04', E'2025-12-15', E'A', NULL, '2025-12-15 15:44:18.909');
INSERT INTO attendance_entries (id, organization_id, user_id, date, absence_type, notes, created_at) VALUES (E'0fdfd009-1fa1-47d7-992a-4f8bf92d689e', E'b578579d-c664-4382-8504-bd7740dbfd9b', E'c29ff218-600f-4cab-a602-28dba100fa04', E'2025-12-16', E'A', NULL, '2025-12-15 15:44:22.262');
INSERT INTO attendance_entries (id, organization_id, user_id, date, absence_type, notes, created_at) VALUES (E'3a6b1350-3b51-4c51-8f03-190894249def', E'b578579d-c664-4382-8504-bd7740dbfd9b', E'c29ff218-600f-4cab-a602-28dba100fa04', E'2025-12-17', E'A', NULL, '2025-12-15 15:44:24.996');
INSERT INTO attendance_entries (id, organization_id, user_id, date, absence_type, notes, created_at) VALUES (E'76b615b2-b34c-40b4-9fbe-528db33f6367', E'b578579d-c664-4382-8504-bd7740dbfd9b', E'c29ff218-600f-4cab-a602-28dba100fa04', E'2025-12-18', E'A', NULL, '2025-12-15 15:44:27.354');
INSERT INTO attendance_entries (id, organization_id, user_id, date, absence_type, notes, created_at) VALUES (E'b06161fb-d6c3-4f7f-8c9e-8c939999ba49', E'b578579d-c664-4382-8504-bd7740dbfd9b', E'c29ff218-600f-4cab-a602-28dba100fa04', E'2025-12-19', E'A', NULL, '2025-12-15 15:44:29.558');
INSERT INTO attendance_entries (id, organization_id, user_id, date, absence_type, notes, created_at) VALUES (E'ebad6a9c-9aea-4015-bc26-f5934a45ea3f', E'b578579d-c664-4382-8504-bd7740dbfd9b', E'c29ff218-600f-4cab-a602-28dba100fa04', E'2025-12-22', E'A', NULL, '2025-12-15 15:44:31.974');
INSERT INTO attendance_entries (id, organization_id, user_id, date, absence_type, notes, created_at) VALUES (E'39085fb7-3143-430c-89c5-bc923968d9e2', E'b578579d-c664-4382-8504-bd7740dbfd9b', E'c29ff218-600f-4cab-a602-28dba100fa04', E'2025-12-23', E'A', NULL, '2025-12-15 15:44:34.330');
INSERT INTO attendance_entries (id, organization_id, user_id, date, absence_type, notes, created_at) VALUES (E'b41c79b2-340f-4556-a8b3-78b6b924c29c', E'b578579d-c664-4382-8504-bd7740dbfd9b', E'c29ff218-600f-4cab-a602-28dba100fa04', E'2025-12-24', E'A', NULL, '2025-12-15 15:44:36.545');
INSERT INTO attendance_entries (id, organization_id, user_id, date, absence_type, notes, created_at) VALUES (E'9cad5ec3-08fb-4c46-a2e4-0831981b5fb1', E'b578579d-c664-4382-8504-bd7740dbfd9b', E'94052e97-cc2a-473f-8f7a-a3ce2429e0f1', E'2025-12-16', E'L104', E'', '2025-12-15 16:13:16.924');
INSERT INTO attendance_entries (id, organization_id, user_id, date, absence_type, notes, created_at) VALUES (E'c8835bde-9f76-4b3c-980f-fee2d71593d9', E'b578579d-c664-4382-8504-bd7740dbfd9b', E'94052e97-cc2a-473f-8f7a-a3ce2429e0f1', E'2025-12-19', E'L104', E'', '2025-12-15 16:13:36.313');
INSERT INTO attendance_entries (id, organization_id, user_id, date, absence_type, notes, created_at) VALUES (E'a37e8fc1-0dd3-4779-ba98-4e8571849c35', E'b578579d-c664-4382-8504-bd7740dbfd9b', E'ddc9f140-9e0f-4843-bd65-f26afb6c252d', E'2025-12-16', E'CP', NULL, '2025-12-16 17:27:13.483');


